type,name,module,path,hash
"csv","agent-manifest","_config","_config/agent-manifest.csv","5bd29c6cf3db9a371b6d29fedee4521ab2a6f1cb59cfcde5aec476c9119ac8b8"
"csv","task-manifest","_config","_config/task-manifest.csv","1ef8d7a48d83e6f7c6da7f2169e28198f3abf08699f3f817258076fe0a2c2ee8"
"csv","workflow-manifest","_config","_config/workflow-manifest.csv","b184f66aca33a71e0c46d92835897a3236fae4a388e13e4d5aca0a3813137f23"
"yaml","manifest","_config","_config/manifest.yaml","830b8345fa31b2a0deddfe9d0f11935cd020bd1a9fced2733ad59038a9ba7c41"
"md","documentation-standards","_memory","_memory/tech-writer-sidecar/documentation-standards.md","b046192ee42fcd1a3e9b2ae6911a0db38510323d072c8d75bad0594f943039e4"
"yaml","config","_memory","_memory/config.yaml","5215d34996eb982a6bdbb7925249982f81791c33a2e498be20f8e41fe92bfd87"
"csv","default-party","bmm","bmm/teams/default-party.csv","5af107a5b9e9092aeb81bd8c8b9bbe7003afb7bc500e64d56da7cc27ae0c4a6e"
"csv","documentation-requirements","bmm","bmm/workflows/document-project/documentation-requirements.csv","d1253b99e88250f2130516b56027ed706e643bfec3d99316727a4c6ec65c6c1d"
"csv","domain-complexity","bmm","bmm/workflows/2-plan-workflows/create-prd/data/domain-complexity.csv","f775f09fb4dc1b9214ca22db4a3994ce53343d976d7f6e5384949835db6d2770"
"csv","domain-complexity","bmm","bmm/workflows/3-solutioning/create-architecture/data/domain-complexity.csv","3dc34ed39f1fc79a51f7b8fc92087edb7cd85c4393a891d220f2e8dd5a101c70"
"csv","module-help","bmm","bmm/module-help.csv","f33b06127908f62ec65645e973392350904af703f90a7361f7f960474a9b7e0a"
"csv","project-types","bmm","bmm/workflows/2-plan-workflows/create-prd/data/project-types.csv","7a01d336e940fb7a59ff450064fd1194cdedda316370d939264a0a0adcc0aca3"
"csv","project-types","bmm","bmm/workflows/3-solutioning/create-architecture/data/project-types.csv","12343635a2f11343edb1d46906981d6f5e12b9cad2f612e13b09460b5e5106e7"
"json","project-scan-report-schema","bmm","bmm/workflows/document-project/templates/project-scan-report-schema.json","8466965321f1db22f5013869636199f67e0113706283c285a7ffbbf5efeea321"
"md","architecture-decision-template","bmm","bmm/workflows/3-solutioning/create-architecture/architecture-decision-template.md","5d9adf90c28df61031079280fd2e49998ec3b44fb3757c6a202cda353e172e9f"
"md","checklist","bmm","bmm/workflows/4-implementation/code-review/checklist.md","e30d2890ba5c50777bbe04071f754e975a1d7ec168501f321a79169c4201dd28"
"md","checklist","bmm","bmm/workflows/4-implementation/correct-course/checklist.md","24a3f3e0108398d490dcfbe8669afc50226673cad494f16a668b515ab24bf709"
"md","checklist","bmm","bmm/workflows/4-implementation/create-story/checklist.md","0d26d8426331fd35b84ac2cb640f698c0b58d92ae40c658bdba78941b99b8aad"
"md","checklist","bmm","bmm/workflows/4-implementation/dev-story/checklist.md","630b68c6824a8785003a65553c1f335222b17be93b1bd80524c23b38bde1d8af"
"md","checklist","bmm","bmm/workflows/4-implementation/sprint-planning/checklist.md","80b10aedcf88ab1641b8e5f99c9a400c8fd9014f13ca65befc5c83992e367dd7"
"md","checklist","bmm","bmm/workflows/document-project/checklist.md","581b0b034c25de17ac3678db2dbafedaeb113de37ddf15a4df6584cf2324a7d7"
"md","checklist","bmm","bmm/workflows/qa-generate-e2e-tests/checklist.md","83cd779c6527ff34184dc86f9eebfc0a8a921aee694f063208aee78f80a8fb12"
"md","deep-dive-instructions","bmm","bmm/workflows/document-project/workflows/deep-dive-instructions.md","48b947d438c29a44bfda2ec3c05efcc987397055dc143a49d44c9d4174b7ac09"
"md","deep-dive-template","bmm","bmm/workflows/document-project/templates/deep-dive-template.md","6198aa731d87d6a318b5b8d180fc29b9aa53ff0966e02391c17333818e94ffe9"
"md","epics-template","bmm","bmm/workflows/3-solutioning/create-epics-and-stories/templates/epics-template.md","b8ec5562b2a77efd80c40eba0421bbaab931681552e5a0ff01cd93902c447ff7"
"md","full-scan-instructions","bmm","bmm/workflows/document-project/workflows/full-scan-instructions.md","419912da2b9ea5642c5eff1805f07b8dc29138c23fba0d1092da75506e5e29fb"
"md","index-template","bmm","bmm/workflows/document-project/templates/index-template.md","42c8a14f53088e4fda82f26a3fe41dc8a89d4bcb7a9659dd696136378b64ee90"
"md","instructions","bmm","bmm/workflows/4-implementation/correct-course/instructions.md","9e239bb0653ef06846b03458c4d341fe5b82b173344c0a65cf226b989ac91313"
"md","instructions","bmm","bmm/workflows/4-implementation/retrospective/instructions.md","8dbd18308a8bafc462759934125725222e09c48de2e9af3cde73789867293def"
"md","instructions","bmm","bmm/workflows/4-implementation/sprint-planning/instructions.md","888312e225ce1944c21a98fbf49c4f118967b3676b23919906bdeda1132a2833"
"md","instructions","bmm","bmm/workflows/4-implementation/sprint-status/instructions.md","d4b7107ddbe33fb5dfc68a626c55585837743c39d171c73052cd93532c35c11d"
"md","instructions","bmm","bmm/workflows/document-project/instructions.md","57762fb89b42df577da1188bc881cf3a8d75a1bcc60bce9e1ab2b8bcfdf29a66"
"md","instructions","bmm","bmm/workflows/qa-generate-e2e-tests/instructions.md","3f3505f847f943b2f4a0699017c16e15fa3782f51090a0332304d7248e020e0c"
"md","prd-purpose","bmm","bmm/workflows/2-plan-workflows/create-prd/data/prd-purpose.md","49c4641b91504bb14e3887029b70beacaff83a2de200ced4f8cb11c1356ecaee"
"md","prd-template","bmm","bmm/workflows/2-plan-workflows/create-prd/templates/prd-template.md","7ccccab9c06a626b7a228783b0b9b6e4172e9ec0b10d47bbfab56958c898f837"
"md","product-brief.template","bmm","bmm/workflows/1-analysis/create-product-brief/product-brief.template.md","ae0f58b14455efd75a0d97ba68596a3f0b58f350cd1a0ee5b1af69540f949781"
"md","project-context-template","bmm","bmm/data/project-context-template.md","facd60b71649247146700b1dc7d709fa0ae09487f7cf2b5ff8f5ce1b3a8427e8"
"md","project-context-template","bmm","bmm/workflows/generate-project-context/project-context-template.md","54e351394ceceb0ac4b5b8135bb6295cf2c37f739c7fd11bb895ca16d79824a5"
"md","project-overview-template","bmm","bmm/workflows/document-project/templates/project-overview-template.md","a7c7325b75a5a678dca391b9b69b1e3409cfbe6da95e70443ed3ace164e287b2"
"md","readiness-report-template","bmm","bmm/workflows/3-solutioning/check-implementation-readiness/templates/readiness-report-template.md","0da97ab1e38818e642f36dc0ef24d2dae69fc6e0be59924dc2dbf44329738ff6"
"md","research.template","bmm","bmm/workflows/1-analysis/research/research.template.md","507bb6729476246b1ca2fca4693986d286a33af5529b6cd5cb1b0bb5ea9926ce"
"md","source-tree-template","bmm","bmm/workflows/document-project/templates/source-tree-template.md","109bc335ebb22f932b37c24cdc777a351264191825444a4d147c9b82a1e2ad7a"
"md","step-01-discover","bmm","bmm/workflows/generate-project-context/steps/step-01-discover.md","4fa1d13ec3c6db8560b6b1316b822ec2163a58b114b44e9aff733b171ef50ebe"
"md","step-01-document-discovery","bmm","bmm/workflows/3-solutioning/check-implementation-readiness/steps/step-01-document-discovery.md","9204972d801c28a76433230942c81bacc171e6b6951d3226cea9e7ca5c9310f1"
"md","step-01-init","bmm","bmm/workflows/1-analysis/create-product-brief/steps/step-01-init.md","1d8a0a692c78b01535fad65b18c178a566ffa4c62d5b920c7cadea23ceb9697a"
"md","step-01-init","bmm","bmm/workflows/1-analysis/research/domain-steps/step-01-init.md","b21ec2af60870caba5447183424b720e98d1b9232526d26b8d7b11e9f165c52c"
"md","step-01-init","bmm","bmm/workflows/1-analysis/research/market-steps/step-01-init.md","b2b030bc59dfe516e67f19d66f9c6d44d745343ccf2d726d4106290704aecdbd"
"md","step-01-init","bmm","bmm/workflows/1-analysis/research/technical-steps/step-01-init.md","aa809f6b4f152940792f7b4d95f424aaf8c9ebd7628f553486d1bd55b68f9567"
"md","step-01-init","bmm","bmm/workflows/2-plan-workflows/create-prd/steps-c/step-01-init.md","6ad502fa5bf5639eaf6a42e8f0bc0f2b811e0a3fd2ae3a24ed3333365f99e23c"
"md","step-01-init","bmm","bmm/workflows/2-plan-workflows/create-ux-design/steps/step-01-init.md","e76defb842ed5478ec16b35d6566f5ab7ecd8118b92b240a40ab9a7a1e7d3d0b"
"md","step-01-init","bmm","bmm/workflows/3-solutioning/create-architecture/steps/step-01-init.md","b270fd38b2144acb87e07c7496929ddd096717fc6f141736c2e9d1f574458314"
"md","step-01-mode-detection","bmm","bmm/workflows/bmad-quick-flow/quick-dev/steps/step-01-mode-detection.md","4c3843e94643e8231adf460554d39551b0dcbd21ea875c20e55373f91d91381f"
"md","step-01-understand","bmm","bmm/workflows/bmad-quick-flow/quick-spec/steps/step-01-understand.md","24c2d3d3703a9330994a7008a93327702f9551453b0d373476ee83e15d10a514"
"md","step-01-validate-prerequisites","bmm","bmm/workflows/3-solutioning/create-epics-and-stories/steps/step-01-validate-prerequisites.md","5ba8ba972e8376339ed2c9b75e4f98125521af0270bb5dff6e47ec73137e01de"
"md","step-01b-continue","bmm","bmm/workflows/1-analysis/create-product-brief/steps/step-01b-continue.md","c32490fda5f5a3d5c278baad8e9f4bd793e03429a5bf42c31719e0d90c9a3973"
"md","step-01b-continue","bmm","bmm/workflows/2-plan-workflows/create-prd/steps-c/step-01b-continue.md","5afc3f34f6089a03e9c9a88f13cb41617a7ef163db15c2b39b31ab6908bfa7d6"
"md","step-01b-continue","bmm","bmm/workflows/2-plan-workflows/create-ux-design/steps/step-01b-continue.md","07703fb9ddacf143e7f9cd21e69edc7cf087052d1dc5841674c122d18bb3b956"
"md","step-01b-continue","bmm","bmm/workflows/3-solutioning/create-architecture/steps/step-01b-continue.md","438f14332117c74e5d12f7630690ada4eae4fdcd04e4f47dc689915fe757f101"
"md","step-02-context","bmm","bmm/workflows/3-solutioning/create-architecture/steps/step-02-context.md","647fe1b6acc7f8cc8520bdb83654163db52328b6556c740880f42f119c9e1dcf"
"md","step-02-context-gathering","bmm","bmm/workflows/bmad-quick-flow/quick-dev/steps/step-02-context-gathering.md","1c4df806dea12554aae0240e5baf5c1cffa5948d0998c8e2c4a93df40d7c42ef"
"md","step-02-customer-behavior","bmm","bmm/workflows/1-analysis/research/market-steps/step-02-customer-behavior.md","93d20ddbd5506bc1d604c3ce56b42185bfe6f34402c45760e4cb7bec627f52e9"
"md","step-02-design-epics","bmm","bmm/workflows/3-solutioning/create-epics-and-stories/steps/step-02-design-epics.md","2c18d76a9b73eae8b9f552cd4252f8208a0c017624ddbaf6bcbe7b28ddfa217e"
"md","step-02-discovery","bmm","bmm/workflows/2-plan-workflows/create-prd/steps-c/step-02-discovery.md","4bd36411c2fa6d49057ff88d31bb70584dc572f3dd37a875ef6ce8c800d6ad71"
"md","step-02-discovery","bmm","bmm/workflows/2-plan-workflows/create-ux-design/steps/step-02-discovery.md","e24f22831bc612991a8b173dd2dbb1c887823041a9d83228f79c3fe06de680ba"
"md","step-02-domain-analysis","bmm","bmm/workflows/1-analysis/research/domain-steps/step-02-domain-analysis.md","9c4eabbed87b6bfc4636c98e96e551f69af7ef78a92b3f99ac6faa90a921c4c5"
"md","step-02-generate","bmm","bmm/workflows/generate-project-context/steps/step-02-generate.md","f881e84c685a356e54c57e8d26efbaaa91df3c1cdc1945b32ffd3c8fbbee6983"
"md","step-02-investigate","bmm","bmm/workflows/bmad-quick-flow/quick-spec/steps/step-02-investigate.md","bacc264e95c273d17c7f9ffcf820b5924bab48e04824da69f125aadb86d70273"
"md","step-02-prd-analysis","bmm","bmm/workflows/3-solutioning/check-implementation-readiness/steps/step-02-prd-analysis.md","f8c4f293c0a040fa9f73829ffeabfa073d0a8ade583adaefb26431ec83a76398"
"md","step-02-technical-overview","bmm","bmm/workflows/1-analysis/research/technical-steps/step-02-technical-overview.md","a8b8c49649087e8d5afa278840bfe3ed2e8203c820dbe7878ac7571956d940e0"
"md","step-02-vision","bmm","bmm/workflows/1-analysis/create-product-brief/steps/step-02-vision.md","4eb2d30f3b05c725490d8d298ab1ccdf638019c0b0e39996fdcdbf1fda5b7933"
"md","step-02b-vision","bmm","bmm/workflows/2-plan-workflows/create-prd/steps-c/step-02b-vision.md","04b8122cdb9438fdbfb5480934bdbd288f41cab9ed2aa362c910e362a29027a4"
"md","step-02c-executive-summary","bmm","bmm/workflows/2-plan-workflows/create-prd/steps-c/step-02c-executive-summary.md","52ee677ed43cc034945bb0761c8162d9070087550ef4b9070d3cf6abba74ea0e"
"md","step-03-competitive-landscape","bmm","bmm/workflows/1-analysis/research/domain-steps/step-03-competitive-landscape.md","93b8fb9b174cc8dca87bd18dafda7a6ee23727874e7eb86106fd40d7daeb6fb0"
"md","step-03-complete","bmm","bmm/workflows/generate-project-context/steps/step-03-complete.md","cf8d1d1904aeddaddb043c3c365d026cd238891cd702c2b78bae032a8e08ae17"
"md","step-03-core-experience","bmm","bmm/workflows/2-plan-workflows/create-ux-design/steps/step-03-core-experience.md","d44b618b75d60e3fc26b1f5ed1f5f92613194579914e522fbd09d40ab3a3e1f3"
"md","step-03-create-stories","bmm","bmm/workflows/3-solutioning/create-epics-and-stories/steps/step-03-create-stories.md","e6deb22291f05a96e56f5cb3ab88eca3bb6df564208edd8fcc693d4c27139f29"
"md","step-03-customer-pain-points","bmm","bmm/workflows/1-analysis/research/market-steps/step-03-customer-pain-points.md","4a224fb63d2814a1e2df9b82e42cb2573dc7ffacdf4e61a14a4763c433431a16"
"md","step-03-epic-coverage-validation","bmm","bmm/workflows/3-solutioning/check-implementation-readiness/steps/step-03-epic-coverage-validation.md","f425bcac163b9ea63a004039ff65fffea3499d9e01a2821bb11e0e17e6b6fc52"
"md","step-03-execute","bmm","bmm/workflows/bmad-quick-flow/quick-dev/steps/step-03-execute.md","852fe6239e0322081d5208be4737bad0c15ab08f0c8b93fbddb94491b9931a01"
"md","step-03-generate","bmm","bmm/workflows/bmad-quick-flow/quick-spec/steps/step-03-generate.md","19f5d60629298536f98f1ed1025002836e02a49a30aebed0ed300a40f64f5dd6"
"md","step-03-integration-patterns","bmm","bmm/workflows/1-analysis/research/technical-steps/step-03-integration-patterns.md","bb034b20b8c325c1948aa1c7350f0b7e68601a08ec72eb09884e4dae5d94554d"
"md","step-03-starter","bmm","bmm/workflows/3-solutioning/create-architecture/steps/step-03-starter.md","ad3ed7961446fe69249d46158df290d1aa8846ef490da1f93b5edf4ac80f23d1"
"md","step-03-success","bmm","bmm/workflows/2-plan-workflows/create-prd/steps-c/step-03-success.md","188c00f792f3dc6ef4f0f366743b810796dcbc79404327a5aa52da14cc41da70"
"md","step-03-users","bmm","bmm/workflows/1-analysis/create-product-brief/steps/step-03-users.md","1a73be748142bc05a468610f3c824442c794f6d81fc159cebf2497b2c3d3d2af"
"md","step-04-architectural-patterns","bmm","bmm/workflows/1-analysis/research/technical-steps/step-04-architectural-patterns.md","81e4e6f5c6048379ea45d0d4288a7247ff46855653ec6fccf5bbef0e78778ca9"
"md","step-04-customer-decisions","bmm","bmm/workflows/1-analysis/research/market-steps/step-04-customer-decisions.md","8a0c46828854693a7de16e148c3c9eb08b42409a2676b9a44b3cdffe06a577b3"
"md","step-04-decisions","bmm","bmm/workflows/3-solutioning/create-architecture/steps/step-04-decisions.md","d8cfd42f2fc9ef52337673c6f57d9cb3fc21e06ba4459ec7e6f68d68c4362649"
"md","step-04-emotional-response","bmm","bmm/workflows/2-plan-workflows/create-ux-design/steps/step-04-emotional-response.md","003e18f5f89e672d5b34aa95b31d10865ec3a1a32117f03c2402258d7c18f618"
"md","step-04-final-validation","bmm","bmm/workflows/3-solutioning/create-epics-and-stories/steps/step-04-final-validation.md","d1ce315d9045ae7f9cbc9df29f9c5c95f9617f56936b0ab7a36ced5bc96856e7"
"md","step-04-journeys","bmm","bmm/workflows/2-plan-workflows/create-prd/steps-c/step-04-journeys.md","3367b54b32865c6c764ce9872db06195551c16aab9f7d57d16e0e8f0f6415aae"
"md","step-04-metrics","bmm","bmm/workflows/1-analysis/create-product-brief/steps/step-04-metrics.md","52eaa6538732505db392527db1179e2a5cc95bcb9721de0f6edca4f48af0d9d1"
"md","step-04-regulatory-focus","bmm","bmm/workflows/1-analysis/research/domain-steps/step-04-regulatory-focus.md","179a82a4fdc32274a2ad3ce501b1b54ca1925b7ce9bcaad35503a9dd080e866a"
"md","step-04-review","bmm","bmm/workflows/bmad-quick-flow/quick-spec/steps/step-04-review.md","aa246ba5793f3a1c6dd434b388b41ccfb9e675bb55664a900a4eb2486e2a40e3"
"md","step-04-self-check","bmm","bmm/workflows/bmad-quick-flow/quick-dev/steps/step-04-self-check.md","0dde0d5c75c3884d6b4d3380263721ad63e02c3d438a100cba3d5da4957c271b"
"md","step-04-ux-alignment","bmm","bmm/workflows/3-solutioning/check-implementation-readiness/steps/step-04-ux-alignment.md","d2e15adf2aecc2c72f9bb9051e94042fc522fd7cfb16376f41bdcdd294319703"
"md","step-05-adversarial-review","bmm","bmm/workflows/bmad-quick-flow/quick-dev/steps/step-05-adversarial-review.md","57adb9395ed45b870bdbc1cad1aaeb065cd3bd7a4a6b0f94b193cb02926495eb"
"md","step-05-competitive-analysis","bmm","bmm/workflows/1-analysis/research/market-steps/step-05-competitive-analysis.md","ff6f606a80ffaf09aa325e38a4ceb321b97019e6542241b2ed4e8eb38b35efa8"
"md","step-05-domain","bmm","bmm/workflows/2-plan-workflows/create-prd/steps-c/step-05-domain.md","65db86b8bd1f9a899a3cb0e8a3d52aeeb2cd8d8c57196479f6353bd3ae0f4da6"
"md","step-05-epic-quality-review","bmm","bmm/workflows/3-solutioning/check-implementation-readiness/steps/step-05-epic-quality-review.md","e7fd60676d6ade485de77ce2dd4229811912594cb924d6c15bae5d9bdf105a7d"
"md","step-05-implementation-research","bmm","bmm/workflows/1-analysis/research/technical-steps/step-05-implementation-research.md","438a235bcb2dbbacb4c38d440b1636a208d4cbe8b5d109cb850cbdfb564b9071"
"md","step-05-inspiration","bmm","bmm/workflows/2-plan-workflows/create-ux-design/steps/step-05-inspiration.md","dadb7b2199dea4765cfd6cdeb7472937356cd558003e6562cec7c1b954a2cda9"
"md","step-05-patterns","bmm","bmm/workflows/3-solutioning/create-architecture/steps/step-05-patterns.md","6d64951770c748386274c9e12faec8aedded72031160140fc3380c976fbe0b7c"
"md","step-05-scope","bmm","bmm/workflows/1-analysis/create-product-brief/steps/step-05-scope.md","1a2a0698f8e044b6ce2e5efc9ed42f86dc52fa350315abff10f1dbd272dbcd95"
"md","step-05-technical-trends","bmm","bmm/workflows/1-analysis/research/domain-steps/step-05-technical-trends.md","210ef479757881d418db392ac38442d4df9033dedab7bdf8965503a83430ab55"
"md","step-06-complete","bmm","bmm/workflows/1-analysis/create-product-brief/steps/step-06-complete.md","ff7c1a20baa0d3773fd8c074b27491b2fcfbf08d0840751f33f857e9eb32b29e"
"md","step-06-design-system","bmm","bmm/workflows/2-plan-workflows/create-ux-design/steps/step-06-design-system.md","2cf18704a2e46ebd344ddc5197e9a2584d5735997e51a79aa9a18f6356c0620a"
"md","step-06-final-assessment","bmm","bmm/workflows/3-solutioning/check-implementation-readiness/steps/step-06-final-assessment.md","b2dbf24e1fa987f092c5e219099b4749c969ef6e909e0f507ced9ab44490ccde"
"md","step-06-innovation","bmm","bmm/workflows/2-plan-workflows/create-prd/steps-c/step-06-innovation.md","67bd616f34f56bcd01d68f9254ca234bf7b5f7d4dae21c562078010b87d47207"
"md","step-06-research-completion","bmm","bmm/workflows/1-analysis/research/market-steps/step-06-research-completion.md","ddc239b81dc76148b5b41741b3ca0d6d4a1f781e1db5e50d2c6b4222dd64eda9"
"md","step-06-research-synthesis","bmm","bmm/workflows/1-analysis/research/domain-steps/step-06-research-synthesis.md","ae7ea9eec7f763073e4e1ec7ef0dd247a2c9c8f8172c84cbcb0590986c67caa2"
"md","step-06-research-synthesis","bmm","bmm/workflows/1-analysis/research/technical-steps/step-06-research-synthesis.md","01d94ed48e86317754d1dafb328d57bd1ce8832c1f443bfd62413bbd07dcf3a1"
"md","step-06-resolve-findings","bmm","bmm/workflows/bmad-quick-flow/quick-dev/steps/step-06-resolve-findings.md","e657af6e3687e15852c860f018b73aa263bdcf6b9d544771a8c0c715581a2c99"
"md","step-06-structure","bmm","bmm/workflows/3-solutioning/create-architecture/steps/step-06-structure.md","efeb67ef10fab2050fe0a4845c868dc6ae036c98302daca22824436ea05b09e3"
"md","step-07-defining-experience","bmm","bmm/workflows/2-plan-workflows/create-ux-design/steps/step-07-defining-experience.md","d76323e59961efede2f4cb32c6837190fe4b218cf63d21f7a956f1acf92203c8"
"md","step-07-project-type","bmm","bmm/workflows/2-plan-workflows/create-prd/steps-c/step-07-project-type.md","2c2aae55e93bf31b3882cc6c24336cfc3cb1a753b96aa62121fff024e1d28fc0"
"md","step-07-validation","bmm","bmm/workflows/3-solutioning/create-architecture/steps/step-07-validation.md","a01726c23d82ca08915b1236b27a20fce6e35bf6ea858647579af405fbba88df"
"md","step-08-complete","bmm","bmm/workflows/3-solutioning/create-architecture/steps/step-08-complete.md","74844f0361750650b771cf64b4f824c2b47b9996b30072099c1cff1e6efe8789"
"md","step-08-scoping","bmm","bmm/workflows/2-plan-workflows/create-prd/steps-c/step-08-scoping.md","c6fd282a7ce026b4e50264032fe6489e99b14a1ac1b6db519e17ed82d9675ab3"
"md","step-08-visual-foundation","bmm","bmm/workflows/2-plan-workflows/create-ux-design/steps/step-08-visual-foundation.md","6e4546a98e0fc92c2afd6c55d278a71133c598dfd02bd6fc8498d06084a075e2"
"md","step-09-design-directions","bmm","bmm/workflows/2-plan-workflows/create-ux-design/steps/step-09-design-directions.md","cf00ac2918ee4f255bfbd9eb0a326f23edc705018a8ea0e40c8f1e0a70e0a554"
"md","step-09-functional","bmm","bmm/workflows/2-plan-workflows/create-prd/steps-c/step-09-functional.md","20e671f3f4731d9cd9aadd6bc4f88adff01859604fed44ede88c231b4afdc279"
"md","step-10-nonfunctional","bmm","bmm/workflows/2-plan-workflows/create-prd/steps-c/step-10-nonfunctional.md","1f0ede8c828a8b213bb8954e4c42aed7b1c42921264eb6a5c132f563a5cc9e07"
"md","step-10-user-journeys","bmm","bmm/workflows/2-plan-workflows/create-ux-design/steps/step-10-user-journeys.md","ae69afbc497dfd9a4d1197182d67090151f21463994fee1c404bf5ad1cd12331"
"md","step-11-component-strategy","bmm","bmm/workflows/2-plan-workflows/create-ux-design/steps/step-11-component-strategy.md","4c40ceb394d6595c192942a5b2d8622f2cbbcd7a3cf1b96156c61769b94b2816"
"md","step-11-polish","bmm","bmm/workflows/2-plan-workflows/create-prd/steps-c/step-11-polish.md","69b2b889f348cf53cb5f1f34021d74be4a68ff6aeed7b659b1db04a1cc52b62c"
"md","step-12-complete","bmm","bmm/workflows/2-plan-workflows/create-prd/steps-c/step-12-complete.md","7ef315f148a1611bb454a5e57163bc529b0502f64a8b0018acca6d0ba60e49d8"
"md","step-12-ux-patterns","bmm","bmm/workflows/2-plan-workflows/create-ux-design/steps/step-12-ux-patterns.md","220721526de1bc0d1b8efcdd15e33526e4dccfd7e2968d0518b0501d50e8d818"
"md","step-13-responsive-accessibility","bmm","bmm/workflows/2-plan-workflows/create-ux-design/steps/step-13-responsive-accessibility.md","70ce19ef0c3ccef894c43e7c206b70a572995267f6b280402270fc37a9bff5d6"
"md","step-14-complete","bmm","bmm/workflows/2-plan-workflows/create-ux-design/steps/step-14-complete.md","0869e6b5d4f4fcbe6cd1df0c7c0b4bb7a2817c7c0dd6a5f88062332ab2e1752b"
"md","step-e-01-discovery","bmm","bmm/workflows/2-plan-workflows/create-prd/steps-e/step-e-01-discovery.md","2bc88c9480ac5986c06672533ab2080b1ee01086033c8e441a8c80551c8a99ee"
"md","step-e-01b-legacy-conversion","bmm","bmm/workflows/2-plan-workflows/create-prd/steps-e/step-e-01b-legacy-conversion.md","e6bbe9020e6986a620fc0299a48e6c31c9d1ec14691df11be71baeb79837bc92"
"md","step-e-02-review","bmm","bmm/workflows/2-plan-workflows/create-prd/steps-e/step-e-02-review.md","b2660d88a445dc3f8f168f96ca92d4a1a36949e3b39fbf6cda5c77129636d9b1"
"md","step-e-03-edit","bmm","bmm/workflows/2-plan-workflows/create-prd/steps-e/step-e-03-edit.md","dfcc3e4f0b1ec050d4985af04dc02b28174a995e95327ca01ae4b8cac10cc1e5"
"md","step-e-04-complete","bmm","bmm/workflows/2-plan-workflows/create-prd/steps-e/step-e-04-complete.md","a1100f8639120311cbaf5a5a880db4e137216bc4bd0110b0926004107a99d3c3"
"md","step-v-01-discovery","bmm","bmm/workflows/2-plan-workflows/create-prd/steps-v/step-v-01-discovery.md","bd3353377451ab6ebffdb94895c4e089fb2e5dce4ecb33c5b69f42f71022ea1f"
"md","step-v-02-format-detection","bmm","bmm/workflows/2-plan-workflows/create-prd/steps-v/step-v-02-format-detection.md","251ea5a1cf7779db2dc39d5d8317976a27f84b421359c1974ae96c0943094341"
"md","step-v-02b-parity-check","bmm","bmm/workflows/2-plan-workflows/create-prd/steps-v/step-v-02b-parity-check.md","3481beae212bb0140c105d0ae87bb9714859c93a471048048512fd1278da2fcd"
"md","step-v-03-density-validation","bmm","bmm/workflows/2-plan-workflows/create-prd/steps-v/step-v-03-density-validation.md","5b95ecd032fb65f86b7eee7ce7c30c997dc2a8b5e4846d88c2853538591a9e40"
"md","step-v-04-brief-coverage-validation","bmm","bmm/workflows/2-plan-workflows/create-prd/steps-v/step-v-04-brief-coverage-validation.md","97eb248c7d67e6e5121dd0b020409583998fba433799ea4c5c8cb40c7ff9c7c1"
"md","step-v-05-measurability-validation","bmm","bmm/workflows/2-plan-workflows/create-prd/steps-v/step-v-05-measurability-validation.md","2f331ee6d4f174dec0e4b434bf7691bfcf3a13c6ee0c47a65989badaa6b6a28c"
"md","step-v-06-traceability-validation","bmm","bmm/workflows/2-plan-workflows/create-prd/steps-v/step-v-06-traceability-validation.md","970ea67486211a611a701e1490ab7e8f2f98060a9f78760b6ebfdb9f37743c74"
"md","step-v-07-implementation-leakage-validation","bmm","bmm/workflows/2-plan-workflows/create-prd/steps-v/step-v-07-implementation-leakage-validation.md","f75d1d808fdf3d61b15bea55418b82df747f45902b6b22fe541e83b4ea3fa465"
"md","step-v-08-domain-compliance-validation","bmm","bmm/workflows/2-plan-workflows/create-prd/steps-v/step-v-08-domain-compliance-validation.md","a1902baaf4eaaf946e5c2c2101a1ac46f8ee4397e599218b8dc030cd00c97512"
"md","step-v-09-project-type-validation","bmm","bmm/workflows/2-plan-workflows/create-prd/steps-v/step-v-09-project-type-validation.md","d53e95264625335184284d3f9d0fc6e7674f67bdf97e19362fc33df4bea7f096"
"md","step-v-10-smart-validation","bmm","bmm/workflows/2-plan-workflows/create-prd/steps-v/step-v-10-smart-validation.md","22d48a72bc599f45bbf8c3e81d651d3a1265a6450866c0689bf287f43d7874a4"
"md","step-v-11-holistic-quality-validation","bmm","bmm/workflows/2-plan-workflows/create-prd/steps-v/step-v-11-holistic-quality-validation.md","1022a1454aadff28e39fd5fa71dd76d8eefccfe438b9ef517a19b44d935c0f5b"
"md","step-v-12-completeness-validation","bmm","bmm/workflows/2-plan-workflows/create-prd/steps-v/step-v-12-completeness-validation.md","c966933a0ca3753db75591325cef4d4bdaf9639a1a63f9438758d32f7e1a1dda"
"md","step-v-13-report-complete","bmm","bmm/workflows/2-plan-workflows/create-prd/steps-v/step-v-13-report-complete.md","5bc59c257927becf116b0ee5eddbcc29d3b36ee05bf6c9de826fdacb45cf5dad"
"md","tech-spec-template","bmm","bmm/workflows/bmad-quick-flow/quick-spec/tech-spec-template.md","6e0ac4991508fec75d33bbe36197e1576d7b2a1ea7ceba656d616e7d7dadcf03"
"md","template","bmm","bmm/workflows/4-implementation/create-story/template.md","29ba697368d77e88e88d0e7ac78caf7a78785a7dcfc291082aa96a62948afb67"
"md","ux-design-template","bmm","bmm/workflows/2-plan-workflows/create-ux-design/ux-design-template.md","ffa4b89376cd9db6faab682710b7ce755990b1197a8b3e16b17748656d1fca6a"
"md","workflow","bmm","bmm/workflows/1-analysis/create-product-brief/workflow.md","3b0efaebdc6440dc75c6a24c17cbbf8dfb9583bf089f64408a4acf1674d483ad"
"md","workflow","bmm","bmm/workflows/2-plan-workflows/create-ux-design/workflow.md","21298564b342294f62339eda1b81aad392fca43e10e48f924a69cc3414dfb32d"
"md","workflow","bmm","bmm/workflows/3-solutioning/check-implementation-readiness/workflow.md","15ccd00030fa9cf406d50d6a2bd43a8966f1112a1d6fbc5be410c39f3f546a26"
"md","workflow","bmm","bmm/workflows/3-solutioning/create-architecture/workflow.md","4c1463096de99ed9130e73161744240a246bd08f6e6b72d1f2a2e606ac910394"
"md","workflow","bmm","bmm/workflows/3-solutioning/create-epics-and-stories/workflow.md","0e25a2680563be198875936db9c80c40f483b1e199050a89aef20ccb2a5b7377"
"md","workflow","bmm","bmm/workflows/bmad-quick-flow/quick-dev/workflow.md","a757fd8baaf6b1279aa7b115612bb13ddaaac659aa73c581701585f7d7f1ddad"
"md","workflow","bmm","bmm/workflows/bmad-quick-flow/quick-spec/workflow.md","2a8ddcedb8952e9ee72109ce5f24c19463fe78cc9805d0bd6b69006d10a6649a"
"md","workflow","bmm","bmm/workflows/generate-project-context/workflow.md","cd5be4cd8e119c652680fd9c28add994be40c48e1fca1a78b31d10eb99a7a740"
"md","workflow-create-prd","bmm","bmm/workflows/2-plan-workflows/create-prd/workflow-create-prd.md","b4d7376adfa8a2ec5fd62da51d9b19d7da16411dcd43a81224652e784dd6646c"
"md","workflow-domain-research","bmm","bmm/workflows/1-analysis/research/workflow-domain-research.md","6f09e3bcbf6f156b9fb9477dfaf3c076f030fde3a39d8317bb2cf6316718658f"
"md","workflow-edit-prd","bmm","bmm/workflows/2-plan-workflows/create-prd/workflow-edit-prd.md","c1786ba087f0f3b2b819a58309cb0742b8a56eb94271fe870579561a721c7936"
"md","workflow-market-research","bmm","bmm/workflows/1-analysis/research/workflow-market-research.md","ad12c80e4848bee2cb20818af7970efee508abcc98b026c2f873d7fa6b5ad2a5"
"md","workflow-technical-research","bmm","bmm/workflows/1-analysis/research/workflow-technical-research.md","1b88ee75dbf6b45910d37885ebbfe7f7a6cf78215a2da9bc86067cb7a9ce4e94"
"md","workflow-validate-prd","bmm","bmm/workflows/2-plan-workflows/create-prd/workflow-validate-prd.md","fe170fe82e944eddd0fc25bf6554b5f38663907afa28e093d1c8140039c63af4"
"xml","instructions","bmm","bmm/workflows/4-implementation/code-review/instructions.xml","1a6f0ae7d69a5c27b09de3efab2b205a007b466976acdeeaebf7f3abec7feb68"
"xml","instructions","bmm","bmm/workflows/4-implementation/create-story/instructions.xml","d4edc80bd7ccc0f7a844ecb575016b79380e255a236d1182f5f7312a104f0e3a"
"xml","instructions","bmm","bmm/workflows/4-implementation/dev-story/instructions.xml","b177c039072ad5e8a54374e6a17a2074dd608fd4da047bef528e362919a0fde8"
"yaml","config","bmm","bmm/config.yaml","0b047003a485ee7374274de2d94f84290d9e6693019dad07e0a80f320b3825c8"
"yaml","deep-dive","bmm","bmm/workflows/document-project/workflows/deep-dive.yaml","efa8d70a594b7580f5312340f93da16f9e106419b1b1d06d2e23d6a30ef963fa"
"yaml","full-scan","bmm","bmm/workflows/document-project/workflows/full-scan.yaml","9d71cce37de1c3f43a7122f3c9705abdf3d677141698a2ab1b89a225f78f3fa9"
"yaml","sprint-status-template","bmm","bmm/workflows/4-implementation/sprint-planning/sprint-status-template.yaml","0d7fe922f21d4f00e538c265ff90e470c3e2eca761e663d84b7a1320b2f25980"
"yaml","team-fullstack","bmm","bmm/teams/team-fullstack.yaml","da8346b10dfad8e1164a11abeb3b0a84a1d8b5f04e01e8490a44ffca477a1b96"
"yaml","workflow","bmm","bmm/workflows/4-implementation/code-review/workflow.yaml","4d84f410d441e4c84cb58425e7fa0bf5216014a8272cca0da5102ffa45cfd76f"
"yaml","workflow","bmm","bmm/workflows/4-implementation/correct-course/workflow.yaml","1ac60df30f0962b7b923ed00ae77b11d7cc96e475c38e5d82da521ca32dda3f6"
"yaml","workflow","bmm","bmm/workflows/4-implementation/create-story/workflow.yaml","886c479403830bebf107b2011406b4019dbab2769b7a14987618541ef981d439"
"yaml","workflow","bmm","bmm/workflows/4-implementation/dev-story/workflow.yaml","6c819ead6d1b4bffc78d598db893c241d2dee9e41d0b5e58e3465f63baa613fd"
"yaml","workflow","bmm","bmm/workflows/4-implementation/retrospective/workflow.yaml","f69e64b620b6e172f2c5ad6ba654c4e66d7f2c6aba46f405b9ee75e68c822ed2"
"yaml","workflow","bmm","bmm/workflows/4-implementation/sprint-planning/workflow.yaml","e5a8e51cace022db18919ca819ea1c07b60a49369e24b93bd232e9a2efbf9a8f"
"yaml","workflow","bmm","bmm/workflows/4-implementation/sprint-status/workflow.yaml","375fe24859ed074a7d52a134b6c2473bdbaabb78381a193dccc7568c6dbaa680"
"yaml","workflow","bmm","bmm/workflows/document-project/workflow.yaml","5c61d95164a4b47189f7f4415bea38590458751ffab755eca5ed0ac0b30232a1"
"yaml","workflow","bmm","bmm/workflows/qa-generate-e2e-tests/workflow.yaml","150a6de81d3c0045aa5ba4c9da550f5f01f915384a2ec1c38166de86e00bd1b9"
"csv","brain-methods","core","core/workflows/brainstorming/brain-methods.csv","0ab5878b1dbc9e3fa98cb72abfc3920a586b9e2b42609211bb0516eefd542039"
"csv","methods","core","core/workflows/advanced-elicitation/methods.csv","e08b2e22fec700274982e37be608d6c3d1d4d0c04fa0bae05aa9dba2454e6141"
"csv","module-help","core","core/module-help.csv","d1d23ce883979c145ef90d95b0fac7fdd7fca1684034546000758c9237afaefb"
"md","help","core","core/tasks/help.md","f0037b3bcbce77706ccea3d960cd437fe9eb4ed94236105746f5281a90e7a533"
"md","step-01-agent-loading","core","core/workflows/party-mode/steps/step-01-agent-loading.md","04ab6b6247564f7edcd5c503f5ca7d27ae688b09bbe2e24345550963a016e9f9"
"md","step-01-session-setup","core","core/workflows/brainstorming/steps/step-01-session-setup.md","a2376d8394fb84e3b5b45c7ecfe00c8f5ae0a0737f547d03108e735e41b99412"
"md","step-01b-continue","core","core/workflows/brainstorming/steps/step-01b-continue.md","bb88e341a25e5e33d533046470a6a4e828ff427066f49bf29ccd22c507c7f726"
"md","step-02-discussion-orchestration","core","core/workflows/party-mode/steps/step-02-discussion-orchestration.md","a8a79890bd03237e20f1293045ecf06f9a62bc590f5c2d4f88e250cee40abb0b"
"md","step-02a-user-selected","core","core/workflows/brainstorming/steps/step-02a-user-selected.md","558b162466745b92687a5d6e218f243a98436dd177b2d5544846c5ff4497cc94"
"md","step-02b-ai-recommended","core","core/workflows/brainstorming/steps/step-02b-ai-recommended.md","99aa935279889f278dcb2a61ba191600a18e9db356dd8ce62f0048d3c37c9531"
"md","step-02c-random-selection","core","core/workflows/brainstorming/steps/step-02c-random-selection.md","f188c260c321c7f026051fefcd267a26ee18ce2a07f64bab7f453c0c3e483316"
"md","step-02d-progressive-flow","core","core/workflows/brainstorming/steps/step-02d-progressive-flow.md","a28c7a3edf34ceb0eea203bf7dc80f39ca04974f6d1ec243f0a088281b2e55de"
"md","step-03-graceful-exit","core","core/workflows/party-mode/steps/step-03-graceful-exit.md","bdecc33004d73238ca05d8fc9d6b86cba89833630956f53ecd82ec3715c5f0da"
"md","step-03-technique-execution","core","core/workflows/brainstorming/steps/step-03-technique-execution.md","61a2baa6499fad1877d6d424060a933760bcfaf14f2fb04828102ad4f204c9b6"
"md","step-04-idea-organization","core","core/workflows/brainstorming/steps/step-04-idea-organization.md","cec7bc5c28248afb3282d7a5fcafed184371462417326dec38b89b157e2cffa6"
"md","template","core","core/workflows/brainstorming/template.md","5c99d76963eb5fc21db96c5a68f39711dca7c6ed30e4f7d22aedee9e8bb964f9"
"md","workflow","core","core/workflows/brainstorming/workflow.md","42735298a1427314506c63bda85a2959e3736b64d8d598cd3cd16bb9781fafa8"
"md","workflow","core","core/workflows/party-mode/workflow.md","7a28f8f174ec5ef4ad3c5719acfa4bfb6ea659415b298ccf94c32a9f3f005a03"
"xml","editorial-review-prose","core","core/tasks/editorial-review-prose.xml","6380b4c2c30005519883363d050035d1e574a6e27e9200a4b244ec79845b13c6"
"xml","editorial-review-structure","core","core/tasks/editorial-review-structure.xml","4d5c60ae0024a9125331829540a6c6129f9e50f2f1fc07265a0e115fc4d52e8c"
"xml","index-docs","core","core/tasks/index-docs.xml","0f81d3c065555d8b930eab7a00e8a288a8f42c67b416f61db396b14753c32840"
"xml","review-adversarial-general","core","core/tasks/review-adversarial-general.xml","fd4d3b5ca0b9254c50ddd9b79868f3637fd6abae14416a93887b059d29474be9"
"xml","review-edge-case-hunter","core","core/tasks/review-edge-case-hunter.xml","c7f74db4af314d7af537d17b4a3a0491c4d163a601b28b2e4cd32c95502993f3"
"xml","shard-doc","core","core/tasks/shard-doc.xml","51689fddea77a37342ce06d4c5723e9d10c6178e9cbcca58ae7c6f30e3b041b2"
"xml","workflow","core","core/tasks/workflow.xml","17bca7fa63bae20aaac4768d81463a7a2de7f80b60d4d9a8f36b70821ba86cfd"
"xml","workflow","core","core/workflows/advanced-elicitation/workflow.xml","590cc3594a3b8c51c2cab3aed266d0c6b3f2a828307e6cf01653e37ac10f259b"
"yaml","config","core","core/config.yaml","4cef59dc4defc286b38385725b30385dfe223084768d97334418638329e62a4d"
"csv","default-party","tea","tea/teams/default-party.csv","b41cb24a2367b6d856c14f955d59b3e924ebead6c7a5ffba0d5c4c1d02cae0fb"
"csv","module-help","tea","tea/module-help.csv","39199c662ef9c9ea5616a5747e56b9edba4756e5833bc0ca3d051e5dba54129d"
"csv","tea-index","tea","tea/testarch/tea-index.csv","8b1b6012a18404016de6d411898944e08282727f885029e9be15a4a1494eb41a"
"groovy","jenkins-pipeline-template","tea","tea/workflows/testarch/ci/jenkins-pipeline-template.groovy","f2b75c5ba3eda7537044909830ca674d794eaa929bcd032fcc2c523709b9bb77"
"md","adr-quality-readiness-checklist","tea","tea/testarch/knowledge/adr-quality-readiness-checklist.md","a8129b16c3b2afbc1f58fe5edc73dc8f1291c172c6ca009d92f1947bef1a237e"
"md","api-request","tea","tea/testarch/knowledge/api-request.md","d14f6e26151c48424d60cde5db81c0ffc8ec72eaf3357f27b4e137f222a4c4e3"
"md","api-testing-patterns","tea","tea/testarch/knowledge/api-testing-patterns.md","4b1b7069737d4916853f1393d1cd804ce7061454ad250fb919046a78b77c2648"
"md","atdd-checklist-template","tea","tea/workflows/testarch/atdd/atdd-checklist-template.md","352e3f331dea9ddc975487ef32bef01edcd838200740f55adfd81ddd37b8384f"
"md","auth-session","tea","tea/testarch/knowledge/auth-session.md","2b3de2a9468caf85f0e47ba9d79b142f424b6c10e3a342c264f1cf73d2f70ddc"
"md","burn-in","tea","tea/testarch/knowledge/burn-in.md","5ba3d2abe6b961e5bc3948ab165e801195bff3ee6e66569c00c219b484aa4b5d"
"md","certificate-template","tea","tea/workflows/testarch/teach-me-testing/templates/certificate-template.md","1473946a9e3601e473e6c6c7c2ac2cb6cf1b7f3f22d07f1828cd3a9275158a08"
"md","checklist","tea","tea/workflows/testarch/atdd/checklist.md","4af3b837cc5ce6a9f8177e153c61929060e08686607c375e4527c7cc993b2c70"
"md","checklist","tea","tea/workflows/testarch/automate/checklist.md","3a8f47b83ad8eff408f7126f7729d4b930738bf7d03b0caea91d1ef49aeb19ee"
"md","checklist","tea","tea/workflows/testarch/ci/checklist.md","a8b45cb926b53b6e16419db396c6f4c21aafb9a4022698971bcbd8622e805037"
"md","checklist","tea","tea/workflows/testarch/framework/checklist.md","57d0b2e495e352b96cdc2cf7218808d29ad502410c4c08049c85d04cf7364de7"
"md","checklist","tea","tea/workflows/testarch/nfr-assess/checklist.md","7c940c238a25a53a6732ce2b5c74ae1e3fef020f61d032e03477024701462b5d"
"md","checklist","tea","tea/workflows/testarch/teach-me-testing/checklist.md","8ae9620ee1d25e3758be40e05e1ec0e5f8d06f47b9a8c77ae1e2eb965d9b3ff0"
"md","checklist","tea","tea/workflows/testarch/test-design/checklist.md","03f0058ceaa2bc2b8081b39db2c79293afb2a9e24cbce475770f2dbc0b97436d"
"md","checklist","tea","tea/workflows/testarch/test-review/checklist.md","5349341939bad271adae217749a0b960873d4a35dcb5f2f249bcfa5790c10617"
"md","checklist","tea","tea/workflows/testarch/trace/checklist.md","0fed29772d3b5c32bd447ae3631b91d5a8eaef4bf265337a061415545defe1c6"
"md","ci-burn-in","tea","tea/testarch/knowledge/ci-burn-in.md","46fa84e900a8ab04ce9e3d2b074a20a3934f4318232c116d091c7df329252d97"
"md","component-tdd","tea","tea/testarch/knowledge/component-tdd.md","88bd1f9ca1d5bcd1552828845fe80b86ff3acdf071bac574eda744caf7120ef8"
"md","contract-testing","tea","tea/testarch/knowledge/contract-testing.md","3ba69f7d93f40a2c371c90510d71239c8ab0597386f8f0eb1882ecf60d9a093b"
"md","data-factories","tea","tea/testarch/knowledge/data-factories.md","d7428fe7675da02b6f5c4c03213fc5e542063f61ab033efb47c1c5669b835d88"
"md","email-auth","tea","tea/testarch/knowledge/email-auth.md","43f4cc3138a905a91f4a69f358be6664a790b192811b4dfc238188e826f6b41b"
"md","error-handling","tea","tea/testarch/knowledge/error-handling.md","8a314eafb31e78020e2709d88aaf4445160cbefb3aba788b62d1701557eb81c1"
"md","feature-flags","tea","tea/testarch/knowledge/feature-flags.md","f6db7e8de2b63ce40a1ceb120a4055fbc2c29454ad8fca5db4e8c065d98f6f49"
"md","file-utils","tea","tea/testarch/knowledge/file-utils.md","7d1092930118fb160b9c0a4a48c398d9b08bb909d1e2432662d8e81e1e3b0087"
"md","fixture-architecture","tea","tea/testarch/knowledge/fixture-architecture.md","a3b6c1bcaf5e925068f3806a3d2179ac11dde7149e404bc4bb5602afb7392501"
"md","fixtures-composition","tea","tea/testarch/knowledge/fixtures-composition.md","8e57a897663a272fd603026aeec76941543c1e09d129e377846726fd405f3a5a"
"md","instructions","tea","tea/workflows/testarch/atdd/instructions.md","1e6702427b9707a4752eb1f73b62ddf703ba265c1c81b435568df134b4afbbfd"
"md","instructions","tea","tea/workflows/testarch/automate/instructions.md","7cccdb9b2b3fa9fb09a40fc15073868f03bcb06eb3f7f5b3381f6934963398aa"
"md","instructions","tea","tea/workflows/testarch/ci/instructions.md","85337f55b85c7a5279c8dd980ea2df5edbc76fc51da12c41bc70ccab7f5187f1"
"md","instructions","tea","tea/workflows/testarch/framework/instructions.md","360410b28a293d9965562f06a97a4396215daa64e7d531e86e9ba1ec32eb3707"
"md","instructions","tea","tea/workflows/testarch/nfr-assess/instructions.md","199485769b54a28b72d53da740eacddba2e95ebaa6f464c95ac89cea21cbd9b1"
"md","instructions","tea","tea/workflows/testarch/teach-me-testing/instructions.md","40c4eed58b058a9cc8cab7d32f3dbb1960e535c6456620b46e12ebfbd7692506"
"md","instructions","tea","tea/workflows/testarch/test-design/instructions.md","e4634bc92f6c852d1f15da07c9f342147f63b17f8a989fb715862291965f68a6"
"md","instructions","tea","tea/workflows/testarch/test-review/instructions.md","1b297de117e5e7c4436ba2981f9b6a27e097c9d465978a044907b8d57f80f5c7"
"md","instructions","tea","tea/workflows/testarch/trace/instructions.md","a0586aa0a411cf3fedc7d4e5c86ad477892ac1dddcb4e837d920e3b13924e30c"
"md","intercept-network-call","tea","tea/testarch/knowledge/intercept-network-call.md","ac8213cc28a9f9c452a6fb419356dd1d66ce495d7f29d188fcb1bb51456ba869"
"md","log","tea","tea/testarch/knowledge/log.md","54b09992275e1ab361bf109b342a7d487cbb5bafa4e9cc48b320a1a5eb11857f"
"md","network-error-monitor","tea","tea/testarch/knowledge/network-error-monitor.md","c9041fd4af8162580a12c7adad79fdf7539fae7d6717fe7dace05e851c1b734c"
"md","network-first","tea","tea/testarch/knowledge/network-first.md","2920e58e145626f5505bcb75e263dbd0e6ac79a8c4c2ec138f5329e06a6ac014"
"md","network-recorder","tea","tea/testarch/knowledge/network-recorder.md","ebd7a63b5834d69c75a826d775d86d466e0a0e4393101452198fe39da44772a6"
"md","nfr-criteria","tea","tea/testarch/knowledge/nfr-criteria.md","e63cee4a0193e4858c8f70ff33a497a1b97d13a69da66f60ed5c9a9853025aa1"
"md","nfr-report-template","tea","tea/workflows/testarch/nfr-assess/nfr-report-template.md","452ac39fb19ccd6bbd2185a99c5fc431a7ba134cd641482cfa9a9f5c91a2bffa"
"md","overview","tea","tea/testarch/knowledge/overview.md","351418dc882d0136053bc669f14d350d173f3759b16e58329dd5c4d282e59967"
"md","pact-consumer-di","tea","tea/testarch/knowledge/pact-consumer-di.md","dbc3b6f4a11656dffdfc034c38cc69e94fa6b2d5bb39d3f5ee2ae25b53cdc4dd"
"md","pact-consumer-framework-setup","tea","tea/testarch/knowledge/pact-consumer-framework-setup.md","892756cd707a629a569fcc812c0b2796d75afa61e4ca94cbdaaf30b7beb17beb"
"md","pact-mcp","tea","tea/testarch/knowledge/pact-mcp.md","c98b5bb74aa238af47aab8a00bee20afd25ceda7e50381ff4f18f6a91f9e6045"
"md","pactjs-utils-consumer-helpers","tea","tea/testarch/knowledge/pactjs-utils-consumer-helpers.md","12afbce8a0ec0adc3b578c0225975b2912a1acb7e6b5cc12ee60a4f9bad379bf"
"md","pactjs-utils-overview","tea","tea/testarch/knowledge/pactjs-utils-overview.md","64fcf26c2d5c7c183c8d7a83ed20d1f1857182724cfed5e92318dadb1b258584"
"md","pactjs-utils-provider-verifier","tea","tea/testarch/knowledge/pactjs-utils-provider-verifier.md","ac3e0d6e3137f927fef822a33f33d03c78d0a1ccd950fbca93ef1ef9276c109c"
"md","pactjs-utils-request-filter","tea","tea/testarch/knowledge/pactjs-utils-request-filter.md","6f900300880f2544511436fa68c24268b3b28e0498af6dc43c848047a3cbff18"
"md","playwright-cli","tea","tea/testarch/knowledge/playwright-cli.md","e6d91a73ae853aab5aefa7aebd3245f01f8fbc0d7cbd81966f16815e6c7a2c53"
"md","playwright-config","tea","tea/testarch/knowledge/playwright-config.md","42516511104a7131775f4446196cf9e5dd3295ba3272d5a5030660b1dffaa69f"
"md","probability-impact","tea","tea/testarch/knowledge/probability-impact.md","446dba0caa1eb162734514f35366f8c38ed3666528b0b5e16c7f03fd3c537d0f"
"md","README","tea","tea/workflows/testarch/README.md","044c8c0207041e6f48eaca87a0b240f30dff8ed6d5253fd4f4f5e47d44825e86"
"md","recurse","tea","tea/testarch/knowledge/recurse.md","7937897b8d8fd74ab647634fb549ba9344e86d39f9a705e8731a7531e51ad726"
"md","risk-governance","tea","tea/testarch/knowledge/risk-governance.md","2fa2bc3979c4f6d4e1dec09facb2d446f2a4fbc80107b11fc41cbef2b8d65d68"
"md","selective-testing","tea","tea/testarch/knowledge/selective-testing.md","c14c8e1bcc309dbb86a60f65bc921abf5a855c18a753e0c0654a108eb3eb1f1c"
"md","selector-resilience","tea","tea/testarch/knowledge/selector-resilience.md","a55c25a340f1cd10811802665754a3f4eab0c82868fea61fea9cc61aa47ac179"
"md","session-notes-template","tea","tea/workflows/testarch/teach-me-testing/templates/session-notes-template.md","bdcc8dac35ed5ce2c7a95ab0fd55b2dfa27e3173ed1f5d78e44f8755514e1c70"
"md","step-01-assess","tea","tea/workflows/testarch/atdd/steps-e/step-01-assess.md","a98e5d250cd980cbe6bdc33682763512622eee8db3610d42f85e621df6eecf2d"
"md","step-01-assess","tea","tea/workflows/testarch/automate/steps-e/step-01-assess.md","a98e5d250cd980cbe6bdc33682763512622eee8db3610d42f85e621df6eecf2d"
"md","step-01-assess","tea","tea/workflows/testarch/ci/steps-e/step-01-assess.md","a98e5d250cd980cbe6bdc33682763512622eee8db3610d42f85e621df6eecf2d"
"md","step-01-assess","tea","tea/workflows/testarch/framework/steps-e/step-01-assess.md","a98e5d250cd980cbe6bdc33682763512622eee8db3610d42f85e621df6eecf2d"
"md","step-01-assess","tea","tea/workflows/testarch/nfr-assess/steps-e/step-01-assess.md","a98e5d250cd980cbe6bdc33682763512622eee8db3610d42f85e621df6eecf2d"
"md","step-01-assess","tea","tea/workflows/testarch/test-design/steps-e/step-01-assess.md","a98e5d250cd980cbe6bdc33682763512622eee8db3610d42f85e621df6eecf2d"
"md","step-01-assess","tea","tea/workflows/testarch/test-review/steps-e/step-01-assess.md","a98e5d250cd980cbe6bdc33682763512622eee8db3610d42f85e621df6eecf2d"
"md","step-01-assess","tea","tea/workflows/testarch/trace/steps-e/step-01-assess.md","a98e5d250cd980cbe6bdc33682763512622eee8db3610d42f85e621df6eecf2d"
"md","step-01-detect-mode","tea","tea/workflows/testarch/test-design/steps-c/step-01-detect-mode.md","48696d5760479dd78b9f45e6e87721acef95e54c3aee2e618f6bb485f05a74c6"
"md","step-01-init","tea","tea/workflows/testarch/teach-me-testing/steps-c/step-01-init.md","9a4ac8b773ebf75653d648d668a58c21d7e8ebae979e1dfd1a04e1bafb2eeaa9"
"md","step-01-load-context","tea","tea/workflows/testarch/nfr-assess/steps-c/step-01-load-context.md","1bd9a9d8fa6a456d7a1466956a476698b0ee70ebb621f0070c440f40e0bfba96"
"md","step-01-load-context","tea","tea/workflows/testarch/test-review/steps-c/step-01-load-context.md","151c2dd262d13ffc692cb8601c922f9fe46736f60aa753c71dbd8fd9313b89ad"
"md","step-01-load-context","tea","tea/workflows/testarch/trace/steps-c/step-01-load-context.md","3527da6233a1821bc89683a83d8299810a6892753955bd91f863d7fd3f692de4"
"md","step-01-preflight","tea","tea/workflows/testarch/ci/steps-c/step-01-preflight.md","fbff84d7fb1680a7b887fb8c1874cf5dbdeec3a200b8746cc9681d65ce692277"
"md","step-01-preflight","tea","tea/workflows/testarch/framework/steps-c/step-01-preflight.md","df7d70e9feac8df36fb89b449545fca6b739700e23f696b582c9d90122feba33"
"md","step-01-preflight-and-context","tea","tea/workflows/testarch/atdd/steps-c/step-01-preflight-and-context.md","f396156e6f465120cb5a04a5a71fc752b9ca68b1adba834b71f878175e3173f6"
"md","step-01-preflight-and-context","tea","tea/workflows/testarch/automate/steps-c/step-01-preflight-and-context.md","59eb82f3177dc0e3fae6fe04ea80337a323d3476dfd0ce210a566fb64243e245"
"md","step-01-validate","tea","tea/workflows/testarch/atdd/steps-v/step-01-validate.md","b9951eb60134b511fb26a0af757b8c89fbbe4a6fc9620cfbae6b74cb9d312da5"
"md","step-01-validate","tea","tea/workflows/testarch/automate/steps-v/step-01-validate.md","f0044d7db87235d5814ae02217bff4e9cfe6b4457a37917e31c48d04be3b765d"
"md","step-01-validate","tea","tea/workflows/testarch/ci/steps-v/step-01-validate.md","fd26ab264a9fa937bc94f99327d1ecfa9977b6ebc99aec90d7354fbcaf22188c"
"md","step-01-validate","tea","tea/workflows/testarch/framework/steps-v/step-01-validate.md","63a16923831596800fd4dd7c7bb3aefe1cd11dcf1caa6c822fdc4ec9df8f7926"
"md","step-01-validate","tea","tea/workflows/testarch/nfr-assess/steps-v/step-01-validate.md","f6115af429f6e1ad012dce12fb9692b471f5245340060f00e85c5830c716c2c1"
"md","step-01-validate","tea","tea/workflows/testarch/test-design/steps-v/step-01-validate.md","34885b7d44716847b7e349520a5f14dcbaea2c330b53c4062892e436ca23be96"
"md","step-01-validate","tea","tea/workflows/testarch/test-review/steps-v/step-01-validate.md","4bf0c205961ba0aa642efee9cd5d8234284b158ebf1ab17b47963a7695d6f815"
"md","step-01-validate","tea","tea/workflows/testarch/trace/steps-v/step-01-validate.md","5b024f898b7665a0d53976a045aa99d0ea95089fd368bc3149b48bc48866a4ed"
"md","step-01b-continue","tea","tea/workflows/testarch/teach-me-testing/steps-c/step-01b-continue.md","6640cc4b88a8c52655491546fedd4e41396e81ec1f635ce8679f96a350921537"
"md","step-01b-resume","tea","tea/workflows/testarch/atdd/steps-c/step-01b-resume.md","029818d17dce00980da53768cc2e82720fba35591714853887f0e51198b99f13"
"md","step-01b-resume","tea","tea/workflows/testarch/automate/steps-c/step-01b-resume.md","60153862c91240326628d85284357dbd7688636b43c5a04c00a96926aeb71d3b"
"md","step-01b-resume","tea","tea/workflows/testarch/ci/steps-c/step-01b-resume.md","b1e63561bfc0808481e6c408c94d4c1fcf12e0b204c8a9d9d0974040ab65d02d"
"md","step-01b-resume","tea","tea/workflows/testarch/framework/steps-c/step-01b-resume.md","c9e5bffd9fa15d28089442b960e3fb6c72a2f04c6cae911378d7362af9b77296"
"md","step-01b-resume","tea","tea/workflows/testarch/nfr-assess/steps-c/step-01b-resume.md","4db8d8f53e0e42023971c9175e65d85fc936bbf77165e81c09e79f0e80db120a"
"md","step-01b-resume","tea","tea/workflows/testarch/test-design/steps-c/step-01b-resume.md","b4eeb6b1687a5a94bef7c8b9492b1ff3e0c6a7ee57e6a04b19229d32044effd0"
"md","step-01b-resume","tea","tea/workflows/testarch/test-review/steps-c/step-01b-resume.md","eea2c5d20b738ee20d182632ba60eda3af524421f5eeded7a06ad9adb5dff44c"
"md","step-01b-resume","tea","tea/workflows/testarch/trace/steps-c/step-01b-resume.md","4d589f5b86d5c2766e59e9b5ad1bddef1cf3cb815aeffb4b6bf3b004f5b2c141"
"md","step-02-apply-edit","tea","tea/workflows/testarch/atdd/steps-e/step-02-apply-edit.md","053a6c2c2a7605a0fb942e2f72c0a52e46eab993cf100883a3f40d2eb271b612"
"md","step-02-apply-edit","tea","tea/workflows/testarch/automate/steps-e/step-02-apply-edit.md","053a6c2c2a7605a0fb942e2f72c0a52e46eab993cf100883a3f40d2eb271b612"
"md","step-02-apply-edit","tea","tea/workflows/testarch/ci/steps-e/step-02-apply-edit.md","053a6c2c2a7605a0fb942e2f72c0a52e46eab993cf100883a3f40d2eb271b612"
"md","step-02-apply-edit","tea","tea/workflows/testarch/framework/steps-e/step-02-apply-edit.md","053a6c2c2a7605a0fb942e2f72c0a52e46eab993cf100883a3f40d2eb271b612"
"md","step-02-apply-edit","tea","tea/workflows/testarch/nfr-assess/steps-e/step-02-apply-edit.md","053a6c2c2a7605a0fb942e2f72c0a52e46eab993cf100883a3f40d2eb271b612"
"md","step-02-apply-edit","tea","tea/workflows/testarch/test-design/steps-e/step-02-apply-edit.md","053a6c2c2a7605a0fb942e2f72c0a52e46eab993cf100883a3f40d2eb271b612"
"md","step-02-apply-edit","tea","tea/workflows/testarch/test-review/steps-e/step-02-apply-edit.md","053a6c2c2a7605a0fb942e2f72c0a52e46eab993cf100883a3f40d2eb271b612"
"md","step-02-apply-edit","tea","tea/workflows/testarch/trace/steps-e/step-02-apply-edit.md","053a6c2c2a7605a0fb942e2f72c0a52e46eab993cf100883a3f40d2eb271b612"
"md","step-02-assess","tea","tea/workflows/testarch/teach-me-testing/steps-c/step-02-assess.md","21a2f9f2ef55cc191ccf840cc25df325b21b339244d8ab7dd5649dd3d3b33878"
"md","step-02-define-thresholds","tea","tea/workflows/testarch/nfr-assess/steps-c/step-02-define-thresholds.md","1884465177bc20061a4ffbd3e61701b160ad79a49eec1038e2b55e15edbe1e34"
"md","step-02-discover-tests","tea","tea/workflows/testarch/test-review/steps-c/step-02-discover-tests.md","1177af35cdf901a16988eeca2651432b7353becb77512b71979238fe6c38ba08"
"md","step-02-discover-tests","tea","tea/workflows/testarch/trace/steps-c/step-02-discover-tests.md","7e9b87ac2a870b075eab8e03c3ebb07f03b7cd458c3dbdef1502078b29d3df36"
"md","step-02-generate-pipeline","tea","tea/workflows/testarch/ci/steps-c/step-02-generate-pipeline.md","049870b2ea9340520f59488084df1916e741b7c653bde590257e0c0e5aed8682"
"md","step-02-generation-mode","tea","tea/workflows/testarch/atdd/steps-c/step-02-generation-mode.md","2fa9c59ecba5b9bf0c793d408d8827c6ff06478394d5220fddadc88834061c72"
"md","step-02-identify-targets","tea","tea/workflows/testarch/automate/steps-c/step-02-identify-targets.md","cc91c1bdb7e374c0611f6d1da73c1a4f17e3c99fd61f7b72ac797975696b07b4"
"md","step-02-load-context","tea","tea/workflows/testarch/test-design/steps-c/step-02-load-context.md","b579018577ffe7f03d5dbeb80ea5899a886fd68e3590d2330fe62ed3fde43ac6"
"md","step-02-select-framework","tea","tea/workflows/testarch/framework/steps-c/step-02-select-framework.md","0ab007159ec56a5ea42cb3de56b4456daf660e5f9bdc73cf9e4fd4e650ebe782"
"md","step-03-configure-quality-gates","tea","tea/workflows/testarch/ci/steps-c/step-03-configure-quality-gates.md","94644196c0ecd496ff1c4edf2a0fced911ca6803e99cfdf2e4a48bc80d4f4367"
"md","step-03-gather-evidence","tea","tea/workflows/testarch/nfr-assess/steps-c/step-03-gather-evidence.md","9b74446085e31d5113dcbfc0f1f14854099faa269df70e0fbbcf5be2f94c7ed6"
"md","step-03-generate-tests","tea","tea/workflows/testarch/automate/steps-c/step-03-generate-tests.md","3807642ad0db60395d254789db583df3f31c35f287af5310569ecdfc93717a55"
"md","step-03-map-criteria","tea","tea/workflows/testarch/trace/steps-c/step-03-map-criteria.md","8459317d5db9ca972b4892b85698ee4edd521902a098344e692c6d9bcc18a704"
"md","step-03-quality-evaluation","tea","tea/workflows/testarch/test-review/steps-c/step-03-quality-evaluation.md","706f114f1e13e824c55ae1620086103c89121ad155ca911ab1530832e972b86e"
"md","step-03-risk-and-testability","tea","tea/workflows/testarch/test-design/steps-c/step-03-risk-and-testability.md","6bd73e152520edb7ac302dbbbb015829ed82fbff135a5d1d5ef1b961ae8ffece"
"md","step-03-scaffold-framework","tea","tea/workflows/testarch/framework/steps-c/step-03-scaffold-framework.md","e6890be407db76676966a3e907449f21200a9e371fd5ec9a7d6898dee622399e"
"md","step-03-session-menu","tea","tea/workflows/testarch/teach-me-testing/steps-c/step-03-session-menu.md","cdd71419e3d2e4c22132d66a9be1149235c2b59cef39cb75c0608c05ac072d6f"
"md","step-03-test-strategy","tea","tea/workflows/testarch/atdd/steps-c/step-03-test-strategy.md","7bf8961677a75612b2be69e9a91d908fb5cc68d73dadff77f1012a321b871508"
"md","step-03a-subagent-api","tea","tea/workflows/testarch/automate/steps-c/step-03a-subagent-api.md","93613985d539a6c18031d5e893dbcf767acd6897b46bacf3e109e94e482c8191"
"md","step-03a-subagent-determinism","tea","tea/workflows/testarch/test-review/steps-c/step-03a-subagent-determinism.md","8ac77c72ac9b304dbb1f4f1f7ace91c162c1853634b210a331f2f10f583fccbb"
"md","step-03b-subagent-backend","tea","tea/workflows/testarch/automate/steps-c/step-03b-subagent-backend.md","467714d0a7a917fbc208afbcf70bcd2b7dd4db452e05f2c2c37a5b2e41ffe36c"
"md","step-03b-subagent-e2e","tea","tea/workflows/testarch/automate/steps-c/step-03b-subagent-e2e.md","d35388949aad5db13ce4068df95712520050542fa6cfd274e4f6528697acbfa0"
"md","step-03b-subagent-isolation","tea","tea/workflows/testarch/test-review/steps-c/step-03b-subagent-isolation.md","67326e3f4a8f9649e02be6c96dabedbd189c4018529d05db83127c17043e68e7"
"md","step-03c-aggregate","tea","tea/workflows/testarch/automate/steps-c/step-03c-aggregate.md","653e65646a3787472a61722a2f51596e224e3f5c82bd820baba887c35d92ee5f"
"md","step-03c-subagent-maintainability","tea","tea/workflows/testarch/test-review/steps-c/step-03c-subagent-maintainability.md","40608ac2fd47e712160ce44924c9e318842d82aeaec155583aa95723716dc0ba"
"md","step-03e-subagent-performance","tea","tea/workflows/testarch/test-review/steps-c/step-03e-subagent-performance.md","94dcbe45080218fe07e6c2d7452e4223c9bcb774e107ac84b0332bfca996c915"
"md","step-03f-aggregate-scores","tea","tea/workflows/testarch/test-review/steps-c/step-03f-aggregate-scores.md","5a4f6bf6159a7618b9b6c2eb892f4986e886d25a262d8e66512579b0a656b7cb"
"md","step-04-analyze-gaps","tea","tea/workflows/testarch/trace/steps-c/step-04-analyze-gaps.md","159cd6f123d21c5878ec38b14a4a6ccc0aa52b0775681363870219fe00b7e2b4"
"md","step-04-coverage-plan","tea","tea/workflows/testarch/test-design/steps-c/step-04-coverage-plan.md","2d6d9b2dce0371d3269a0f9987a40daefce228a3febce226b9f5563ab2e1b32c"
"md","step-04-docs-and-scripts","tea","tea/workflows/testarch/framework/steps-c/step-04-docs-and-scripts.md","c6c4fe85650286744422c4ffb9184494528aef28a86d72020ac598e20b66d51d"
"md","step-04-evaluate-and-score","tea","tea/workflows/testarch/nfr-assess/steps-c/step-04-evaluate-and-score.md","69ad31112822fbbb1c6b7d00d956ca54ba97b7297e5074f4ee36e66b68c4e56e"
"md","step-04-generate-report","tea","tea/workflows/testarch/test-review/steps-c/step-04-generate-report.md","b475dc9300a9ddde6c6f5ddb1219df094f3a766e4540bb1462c04c7ef1ce4990"
"md","step-04-generate-tests","tea","tea/workflows/testarch/atdd/steps-c/step-04-generate-tests.md","640d8c99b6c60d02008a08daecc302fe1ce596472be7aecdfd39fc6a72d1a282"
"md","step-04-session-01","tea","tea/workflows/testarch/teach-me-testing/steps-c/step-04-session-01.md","8573a43249eb408ec201cce49d2cbb61a304b7a4ca39a88c75c4dbc364e0149b"
"md","step-04-session-02","tea","tea/workflows/testarch/teach-me-testing/steps-c/step-04-session-02.md","a4081fca2bbb9b3fc06f83006b2ec6394fcdea018be2cdff6589ac4cc2c8a6f9"
"md","step-04-session-03","tea","tea/workflows/testarch/teach-me-testing/steps-c/step-04-session-03.md","729a7193128f6bad23b7da0f0893c7f78f08057d6fed30ddf339700b22b5e78e"
"md","step-04-session-04","tea","tea/workflows/testarch/teach-me-testing/steps-c/step-04-session-04.md","4fb21909bdb382b3964723d9aa02442c588f74006fddc14a28d7dc133bc6f2dc"
"md","step-04-session-05","tea","tea/workflows/testarch/teach-me-testing/steps-c/step-04-session-05.md","abad9591931c5d39e4f9c0a5d1c0688c8b8b0891e5e20bebebbcea45db802dc2"
"md","step-04-session-06","tea","tea/workflows/testarch/teach-me-testing/steps-c/step-04-session-06.md","03ef83440e4fb0f0d11dfc884d1f88016fef213edf7db9e72ba6d469283cb8af"
"md","step-04-session-07","tea","tea/workflows/testarch/teach-me-testing/steps-c/step-04-session-07.md","5f534f33567c6151b739f462d92b1d4b2b8c869be9f7359efdeafa78d5e9e720"
"md","step-04-validate-and-summarize","tea","tea/workflows/testarch/automate/steps-c/step-04-validate-and-summarize.md","2826e30ac9b288483e7d33bf9beb9f1e970ad1b248d8ea0c80712eee3efa309e"
"md","step-04-validate-and-summary","tea","tea/workflows/testarch/ci/steps-c/step-04-validate-and-summary.md","60e0b7ba72a5ae0c2d20d78800f5b355b7d075798a8c26114315b928aa273cac"
"md","step-04a-subagent-api-failing","tea","tea/workflows/testarch/atdd/steps-c/step-04a-subagent-api-failing.md","bd8a4b2e7688ab76f02ab55804842602fb18060e298efafe0ef0cf62ecc01431"
"md","step-04a-subagent-security","tea","tea/workflows/testarch/nfr-assess/steps-c/step-04a-subagent-security.md","5937d1ae8f60789609577e023803aba78bbce631b53e0981b319ec4786e63527"
"md","step-04b-subagent-e2e-failing","tea","tea/workflows/testarch/atdd/steps-c/step-04b-subagent-e2e-failing.md","3fc97f9defee8a64ebba2c5ebaa758e09810a632d04d065879932afc67e609a3"
"md","step-04b-subagent-performance","tea","tea/workflows/testarch/nfr-assess/steps-c/step-04b-subagent-performance.md","0198f7582e8ca357d781c039720ae0b986b8dec0ab2f43214969822331ad6229"
"md","step-04c-aggregate","tea","tea/workflows/testarch/atdd/steps-c/step-04c-aggregate.md","0b3a97471c7683c6b6797db232a52a59c7f7ddad80eeafcf0d5ee4423a59a04e"
"md","step-04c-subagent-reliability","tea","tea/workflows/testarch/nfr-assess/steps-c/step-04c-subagent-reliability.md","5d3a84eb3097458b74747edaaf93b8ac2ecefdb9f626189cf1a520a9d2f76696"
"md","step-04d-subagent-scalability","tea","tea/workflows/testarch/nfr-assess/steps-c/step-04d-subagent-scalability.md","8a069d3377e5018f2b7ca8b142788e0da76c81b4b56af2eb380d9338e9673b45"
"md","step-04e-aggregate-nfr","tea","tea/workflows/testarch/nfr-assess/steps-c/step-04e-aggregate-nfr.md","109e0977a95571639512a2b0fdbd28262ce4a6d0f203daa56c9630aa0066a82e"
"md","step-05-completion","tea","tea/workflows/testarch/teach-me-testing/steps-c/step-05-completion.md","8d978ed5f3954b9f5c962dd1190e2c83dceff9e3a9b0981c7e008ba02d546edd"
"md","step-05-gate-decision","tea","tea/workflows/testarch/trace/steps-c/step-05-gate-decision.md","22fd5abf5e4e378fabdfb9738e744bccb6477a37af67f3e33bb0c9c3769d5b5c"
"md","step-05-generate-output","tea","tea/workflows/testarch/test-design/steps-c/step-05-generate-output.md","652d7e6604df8d71efd08a31e66bd815bbe0fbdcc4e2ade72585b07b1bbe1bcf"
"md","step-05-generate-report","tea","tea/workflows/testarch/nfr-assess/steps-c/step-05-generate-report.md","28246c1b3b25364090d7387bea500cd62eab86dfc937cd9f6dbc40326871fb0d"
"md","step-05-validate-and-complete","tea","tea/workflows/testarch/atdd/steps-c/step-05-validate-and-complete.md","b5b10be0212b3c7c7ee46206b4b83cd960ad291d377b6e3f8e68960a0c2d5560"
"md","step-05-validate-and-summary","tea","tea/workflows/testarch/framework/steps-c/step-05-validate-and-summary.md","8e3c857159a4af0223b3d0a7f58d4db84b330fab9e1124bd6c084fc656155e59"
"md","step-e-01-assess-workflow","tea","tea/workflows/testarch/teach-me-testing/steps-e/step-e-01-assess-workflow.md","b7b3cc8d845b79e9ef81d8c835f63bcbedc930396c0cab49a946dff1b6819e7a"
"md","step-e-02-apply-edits","tea","tea/workflows/testarch/teach-me-testing/steps-e/step-e-02-apply-edits.md","081679a34b6c02804d77156866ba9d41e1dd2952a902314b4937863ce874f27d"
"md","step-v-01-validate","tea","tea/workflows/testarch/teach-me-testing/steps-v/step-v-01-validate.md","b33a9eaac964dbe08d10ff15744f40b8118edc69844c856d4f80b9ba2da77865"
"md","test-design-architecture-template","tea","tea/workflows/testarch/test-design/test-design-architecture-template.md","39100455791354f6fb61205d096214b55f7db88c97ab5d67784f7c9b4f25238d"
"md","test-design-handoff-template","tea","tea/workflows/testarch/test-design/test-design-handoff-template.md","ce1dd24dd95244e4a511bef74a3a7cb10e5620a3a137195a31608f81ac7e7b1b"
"md","test-design-qa-template","tea","tea/workflows/testarch/test-design/test-design-qa-template.md","bc957f278009dd48156e9f9c9809f774fe262eeab0bbbbac12d6c91872a1f298"
"md","test-design-template","tea","tea/workflows/testarch/test-design/test-design-template.md","d3f5716f1dddb9412f23c31db2b9ed3e0acbdf3ff8ad016ff8544d3081db3e1b"
"md","test-healing-patterns","tea","tea/testarch/knowledge/test-healing-patterns.md","b44f7db1ebb1c20ca4ef02d12cae95f692876aee02689605d4b15fe728d28fdf"
"md","test-levels-framework","tea","tea/testarch/knowledge/test-levels-framework.md","80bbac7959a47a2e7e7de82613296f906954d571d2d64ece13381c1a0b480237"
"md","test-priorities-matrix","tea","tea/testarch/knowledge/test-priorities-matrix.md","321c3b708cc19892884be0166afa2a7197028e5474acaf7bc65c17ac861964a5"
"md","test-quality","tea","tea/testarch/knowledge/test-quality.md","97b6db474df0ec7a98a15fd2ae49671bb8e0ddf22963f3c4c47917bb75c05b90"
"md","test-review-template","tea","tea/workflows/testarch/test-review/test-review-template.md","a58e8a11043cddd5fd559796b6f1012ea96c131be8f793b9ac9659fb32faf4fc"
"md","timing-debugging","tea","tea/testarch/knowledge/timing-debugging.md","c4c87539bbd3fd961369bb1d7066135d18c6aad7ecd70256ab5ec3b26a8777d9"
"md","trace-template","tea","tea/workflows/testarch/trace/trace-template.md","e7bac767e41d8667c2db82f7ebf8222516bc89350232294caa985ac0a9d7ec54"
"md","validation-report-20260127-095021","tea","tea/workflows/testarch/atdd/validation-report-20260127-095021.md","1d6c000c1b5cdcc2e9cf02db8120c9dca59f141c21bb6acac6b01a1e3c2f2f02"
"md","validation-report-20260127-095021","tea","tea/workflows/testarch/automate/validation-report-20260127-095021.md","bbd2792600502aac133a609670d530b3f3e041fc67194a5aa314a89eefa95981"
"md","validation-report-20260127-095021","tea","tea/workflows/testarch/ci/validation-report-20260127-095021.md","a77c1f7e301171bfc3f33df1ac030c1810c76a1caf924f3bb9bdcf2c1504a87a"
"md","validation-report-20260127-095021","tea","tea/workflows/testarch/framework/validation-report-20260127-095021.md","6c852725ae756b43d014038ad84a22b823aa48b59d1125402f999fc68fa1e64e"
"md","validation-report-20260127-095021","tea","tea/workflows/testarch/nfr-assess/validation-report-20260127-095021.md","578031370f4427ef6e902559de3b11c8f9598f2434aca623cb15717abaf9a5b0"
"md","validation-report-20260127-095021","tea","tea/workflows/testarch/test-design/validation-report-20260127-095021.md","35e726717a191bc4171df789989d515af914be698b180f37e6aa2c9691064202"
"md","validation-report-20260127-095021","tea","tea/workflows/testarch/test-review/validation-report-20260127-095021.md","e4e799252a56e5203f82cfac76eb2b482c94d7576e8789f1dc3ccd71175fda54"
"md","validation-report-20260127-095021","tea","tea/workflows/testarch/trace/validation-report-20260127-095021.md","2e4ae7071fcf0137d0164d960134f0fd74fe4fd6ac370932e558aaad76203609"
"md","validation-report-20260127-102401","tea","tea/workflows/testarch/atdd/validation-report-20260127-102401.md","dc742b9c1412595bd052a652fc1a3a0c2675b82ac428c30ad85cd534855b277d"
"md","validation-report-20260127-102401","tea","tea/workflows/testarch/automate/validation-report-20260127-102401.md","43dd925d49bb1b7eba5a818e843c646118a112bde4561be0c8262746eb0c774c"
"md","validation-report-20260127-102401","tea","tea/workflows/testarch/ci/validation-report-20260127-102401.md","eb0dcbad2fb56ac840df504af95dbf6d31578551e094e27da0e16410fd9168de"
"md","validation-report-20260127-102401","tea","tea/workflows/testarch/framework/validation-report-20260127-102401.md","ed00674f66fe2ab7cc7bfe640443eca802fc26771c0ce6ee3149d04aef96e633"
"md","validation-report-20260127-102401","tea","tea/workflows/testarch/nfr-assess/validation-report-20260127-102401.md","0e01c37a5c74f7ba8d494a60d08f24709fccd5f683172444bbbc9c161959a67d"
"md","validation-report-20260127-102401","tea","tea/workflows/testarch/test-design/validation-report-20260127-102401.md","cba6880ec28254a33c9dd79aa99a8b6652485b40dc756d79b3f916716cceba80"
"md","validation-report-20260127-102401","tea","tea/workflows/testarch/test-review/validation-report-20260127-102401.md","de8d31d8560bb28937e006776a0c5f43727d2987493261b538617948b43692c6"
"md","validation-report-20260127-102401","tea","tea/workflows/testarch/trace/validation-report-20260127-102401.md","ca4398f983325579f0236cbc87e70d310c88810b6934a8bb5933da3f488a3992"
"md","visual-debugging","tea","tea/testarch/knowledge/visual-debugging.md","072a3d30ba6d22d5e628fc26a08f6e03f8b696e49d5a4445f37749ce5cd4a8a9"
"md","workflow","tea","tea/workflows/testarch/atdd/workflow.md","7230091cf7efe381b50c3c28b8aad10516da1cd8515b2c59b1796c58a6b9b0a2"
"md","workflow","tea","tea/workflows/testarch/automate/workflow.md","79a696e3e9dd2da47eac1ba1aae6c71a00bb90d0a902d1a0816064c5446f0ec0"
"md","workflow","tea","tea/workflows/testarch/ci/workflow.md","a25bac2fb0f88b3b3c33869c2f800b37729273c6c0cd202c69ae32ff18b0012a"
"md","workflow","tea","tea/workflows/testarch/framework/workflow.md","256ad1951a5eef16af4a7e3db991ce5e4a6d637e382ee23aa64c8d5a8c21afcb"
"md","workflow","tea","tea/workflows/testarch/nfr-assess/workflow.md","2a4c0bc7c960719bd2a7ccbfc6cec78fc99e771af515d74ff14a7de4ebeb4f3c"
"md","workflow","tea","tea/workflows/testarch/teach-me-testing/workflow.md","e1c5c179f90f742b1aa8c3282a9cc5f7bfe9b60d7d6920e2c087d2004a53a738"
"md","workflow","tea","tea/workflows/testarch/test-design/workflow.md","d7e5cc6f9315a4903bde0a36766dd09eee641f9d5fa3ae899ca6019bb5a1178d"
"md","workflow","tea","tea/workflows/testarch/test-review/workflow.md","78e1503f2e350f45865ced98e3fc788f15481768fff60a69d51cf3246b0a5b94"
"md","workflow","tea","tea/workflows/testarch/trace/workflow.md","94ae8f595fbc499daa9698dea5a8be0b8a3c6f9a3432dcb1e913fa1f6fc04af8"
"md","workflow-plan","tea","tea/workflows/testarch/atdd/workflow-plan.md","b86e22eff2f91249f83cdd4c5a95cfe9caff51eded0cd1b7f51912ec61349183"
"md","workflow-plan","tea","tea/workflows/testarch/automate/workflow-plan.md","3d3cd40c76dc9f0c2387bef34e9391a9d3a25fe04ea4ebedb6adb72684a3ad06"
"md","workflow-plan","tea","tea/workflows/testarch/ci/workflow-plan.md","628dae2fcc680824c0e376feca84ce05b7cd674f0d5efc935964f4e705dddeb3"
"md","workflow-plan","tea","tea/workflows/testarch/framework/workflow-plan.md","6e181a5bd34a182f85fc9886bf205f13e89e6325db282f6e0f21cd59f122b7ab"
"md","workflow-plan","tea","tea/workflows/testarch/nfr-assess/workflow-plan.md","85ad2ae434f5fbdd55f84f4349f38ea1c72444fc5485821a8a4562a5da891b5a"
"md","workflow-plan","tea","tea/workflows/testarch/test-design/workflow-plan.md","e3b7f847205fb9c004b9772af0da7d9ed4c5038cbedd66c388d6a3b640be5a04"
"md","workflow-plan","tea","tea/workflows/testarch/test-review/workflow-plan.md","15723c03eee5bfc852cd39b843bf4435dabdf02f59a77bb8a8683c4ab8cb3ed6"
"md","workflow-plan","tea","tea/workflows/testarch/trace/workflow-plan.md","1a8d18420d10ecc4a775a858f4e55271bb8e8fca8f1fe98fa3fedaee353097d9"
"md","workflow-plan-teach-me-testing","tea","tea/workflows/testarch/teach-me-testing/workflow-plan-teach-me-testing.md","0f863a4cab3af0be608dea5a02725f18a5a07925483528668f349365de73d108"
"yaml","azure-pipelines-template","tea","tea/workflows/testarch/ci/azure-pipelines-template.yaml","e53405833b819cd70b7226ea624236ff2490659985b0512244303dc9676acb34"
"yaml","config","tea","tea/config.yaml","993439624de5fb4b9d70a493256f319342dac5f27e85525260b58d37b1c483c2"
"yaml","curriculum","tea","tea/workflows/testarch/teach-me-testing/data/curriculum.yaml","210a80d8ec3951fce6337e2a2eb7fe4b8cbcae2ffe28185f768274b05d572263"
"yaml","github-actions-template","tea","tea/workflows/testarch/ci/github-actions-template.yaml","dbf33e640d9017650b5eed7af28f8914172a0dcfd04552a0342ef61b459b28c2"
"yaml","gitlab-ci-template","tea","tea/workflows/testarch/ci/gitlab-ci-template.yaml","af7d7e50802c1f4cbdfdfc20b0cd8a86ba5cec5b9eaedaec29e4c8aec6049ae6"
"yaml","harness-pipeline-template","tea","tea/workflows/testarch/ci/harness-pipeline-template.yaml","ed2dee2d279ecfe0bad0365950fe4f68cfa2d5a54d0d3bc50c7b85a26531c9db"
"yaml","progress-template","tea","tea/workflows/testarch/teach-me-testing/templates/progress-template.yaml","595fe007e9cecd907f0f695f581ff7c86dde770336be8134782a954d4fb6f48f"
"yaml","quiz-questions","tea","tea/workflows/testarch/teach-me-testing/data/quiz-questions.yaml","42c5e6c8703e22992cfcbbeb23d871054b15257153010efe53bf44dbc1f27b4f"
"yaml","role-paths","tea","tea/workflows/testarch/teach-me-testing/data/role-paths.yaml","c5ad85c1de113a6c403ad0f9a3588477caec72a4e4d858f41e96ebd0e4765a7a"
"yaml","session-content-map","tea","tea/workflows/testarch/teach-me-testing/data/session-content-map.yaml","0543af0912d23def025a15d43fa99d3e71f1913ef3c86b8121de6a340cc3019e"
"yaml","tea-resources-index","tea","tea/workflows/testarch/teach-me-testing/data/tea-resources-index.yaml","ad8aa2c80e20eefd0df4a6c0c6340cd796f0d231e20b8dea7ab3f0c9b15ea935"
"yaml","workflow","tea","tea/workflows/testarch/atdd/workflow.yaml","e815e587b734709265c0a5ccadc6e7f7e33eee0a89efd553dc9858e75db8cbf5"
"yaml","workflow","tea","tea/workflows/testarch/automate/workflow.yaml","e41eededed924c40da99fcd4184546c1f7235d18e57df0b87bb5351523f435b6"
"yaml","workflow","tea","tea/workflows/testarch/ci/workflow.yaml","8d78dd85e3fd4442745cbbafdfbaf4c94590ed498c3f953aeb3a0cc02aa2a887"
"yaml","workflow","tea","tea/workflows/testarch/framework/workflow.yaml","1e9a79f3d1071b458b913b6ecfab66232952453693667a31ea89fd8d1d903b88"
"yaml","workflow","tea","tea/workflows/testarch/nfr-assess/workflow.yaml","4139fab53c8b597796965a43e52bec86ca164f78e193950b5186356195cd493e"
"yaml","workflow","tea","tea/workflows/testarch/test-design/workflow.yaml","6613757e6b26f1e24d096082f658d1b1f545548006afaa96b98e994da2a056eb"
"yaml","workflow","tea","tea/workflows/testarch/test-review/workflow.yaml","cb3689b50e18471a553805df146da43b4d45eac42be42b0d85284fd456a1dfaf"
"yaml","workflow","tea","tea/workflows/testarch/trace/workflow.yaml","a61fc258c6568dfa211f02ad5fc6e4abdae2ffe4bfac861f3ffa196770f75913"
